chromosome,chromosome_start,chromosome_end,chromosome_strand,assembly_version,mutation_type,reference_genome_allele,mutated_from_allele,total_read_count,consequence_type,tumour_confirmed
4,116172611,116180370,1,37,2,16,16,115,23,0
20,1599584,1685607,1,37,2,16,16,115,5,1
7,15434065,23149938,1,37,2,16,16,115,14,0
9,24519684,39138121,1,37,2,16,16,115,23,1
1,189652047,210071062,1,37,2,16,16,115,7,0
7,43355,15431632,1,37,2,16,16,115,14,1
5,20803890,20896079,1,37,2,16,16,115,23,0
1,2650438,6101425,1,37,2,16,16,115,7,1
5,46278212,57321586,1,37,2,16,16,115,23,0
14,41610690,41629242,1,37,2,16,16,115,23,1
4,10214160,10230797,1,37,2,16,16,115,24,0
10,1560743,1560898,1,37,2,16,16,115,24,1
5,20734644,20743286,1,37,2,16,16,115,23,0
3,60345,18858645,1,37,2,16,16,115,23,1
3,65658302,84698990,1,37,2,16,16,17,23,0
11,79967513,125075379,1,37,2,16,16,17,5,1
19,20716389,43713377,1,37,2,16,16,17,14,1
13,88526989,88624572,1,37,2,16,16,17,23,0
21,24353314,24365558,1,37,2,16,16,17,7,0
20,1328247,1489424,1,37,2,16,16,17,14,1
1,25059391,25975796,1,37,2,16,16,17,23,0
8,2270328,7024567,1,37,2,16,16,17,7,1
5,27717944,28424575,1,37,2,16,16,17,23,0
18,77891443,78015057,1,37,2,16,16,17,23,1
1,19571480,21024613,1,37,2,16,16,17,24,1
17,35555236,44248848,1,37,2,16,16,17,24,0
3,162717727,162719562,1,37,2,16,16,17,23,0
1,19038302,21088485,1,37,2,16,16,17,23,1
5,15654479,15654602,1,37,2,16,16,30,5,0
14,42987866,42992434,1,37,2,16,16,30,23,1
22,16052528,16236204,1,37,2,16,16,30,5,0
16,21515074,21591340,1,37,2,16,16,30,5,1
12,45913292,48725042,1,37,2,16,16,30,23,0
2,12784,52754881,1,37,2,16,16,30,24,1
3,97908670,97914817,1,37,2,16,16,109,5,0
10,47099688,47099869,1,37,2,16,16,109,23,1
9,46587,186364,1,37,2,16,16,109,5,0
11,18949072,18962363,1,37,2,16,16,109,5,0
1,26193050,26631228,1,37,2,16,16,109,23,1
7,97401959,97402475,1,37,2,16,16,109,24,0
3,53041885,68746164,1,37,2,16,16,65,15,0
20,1687149,2667729,1,37,2,16,16,65,15,1
22,25661376,25736345,1,37,2,16,16,65,15,1
6,149661,150286,1,37,2,16,16,65,7,0
15,76902194,102469040,1,37,2,16,16,105,15,0
7,133775152,133790410,1,37,2,16,16,105,15,1
10,109856486,109856510,1,37,2,16,16,105,15,0
4,185734589,185740215,1,37,2,16,16,105,7,1
5,30050769,30285601,1,37,2,16,16,66,23,0
19,43767261,59097854,1,37,2,16,16,54,23,1
7,129538294,129686608,1,37,2,16,16,11,24,0
12,83187076,83188077,1,37,2,16,16,11,24,1
5,15720321,15720597,1,37,2,16,16,11,15,0
21,10942932,48096957,1,37,2,16,16,64,24,1
15,76891511,76895775,1,37,2,16,16,64,24,0
14,20419259,37335558,1,37,2,16,16,64,15,1
16,55798222,55798779,1,37,2,16,16,36,15,0
20,56669386,56669979,1,37,2,16,16,36,15,1
5,8398386,15718492,1,37,2,16,16,36,7,0
10,67314446,96932748,1,37,2,16,16,36,15,1
8,19211916,19635328,1,37,2,16,16,40,15,0
3,98949069,128386602,1,37,2,16,16,40,15,1
20,1567454,1568006,1,37,2,16,16,40,7,0
4,45005852,45006335,1,37,2,16,16,40,15,1
7,101135398,101137314,1,37,2,16,16,64,15,0
9,41985187,68183981,1,37,2,16,16,64,15,1
4,74437054,81762909,1,37,2,16,16,64,15,0
5,61574991,61576273,1,37,2,16,16,52,15,1
15,70524507,70525379,1,37,2,16,16,54,15,0
15,20206939,22681250,1,37,2,26,26,24,5,1
12,48730036,132120715,1,37,2,26,26,24,5,0
10,47055711,47059226,1,37,2,26,26,24,7,1
8,115634653,115641689,1,37,2,26,26,24,7,0
5,173209000,179820819,1,37,2,26,26,24,0,1
6,103730493,103747453,1,37,2,26,26,24,5,0
5,57338357,61573372,1,37,2,26,26,24,23,1
6,32692227,72044642,1,37,2,26,26,24,7,0
2,4213864,4223167,1,37,2,26,26,64,5,1
6,32574014,32690027,1,37,2,26,26,64,5,1
5,29346038,29376836,1,37,2,26,26,64,7,0
6,32712104,55944401,1,37,2,26,26,64,7,0
4,86976779,86979764,1,37,2,26,26,64,0,1
10,48934756,48958519,1,37,2,26,26,64,5,0
3,162218344,162219012,1,37,2,26,26,64,23,1
12,150442,248674,1,37,2,26,26,64,7,0
18,69771001,77869022,1,37,2,26,26,105,7,1
2,98166878,117588586,1,37,2,26,26,105,24,0
1,104256915,110250236,1,37,2,26,26,105,24,1
12,869278,873504,1,37,2,26,26,105,23,0
7,141755195,141763124,1,37,2,26,26,105,23,1
1,248805339,248808557,1,37,2,26,26,105,7,0
8,11987726,12001123,1,37,2,26,26,105,23,1
1,23859468,24548177,1,37,2,26,26,100,7,0
4,64697469,64708258,1,37,2,26,26,100,24,1
13,23632906,23633515,1,37,2,26,26,100,24,0
18,56099492,69734542,1,37,2,26,26,100,23,1
3,195481811,197896118,1,37,2,26,26,100,23,0
9,39158785,41952516,1,37,2,26,26,100,7,1
8,12239835,12247486,1,37,2,26,26,100,23,0
8,24991104,39250972,1,37,2,41,41,33,15,1
1,104239986,104257579,1,37,2,41,41,39,15,0
14,41610690,41653977,1,37,2,16,16,64,15,1
19,43766659,56282369,1,37,2,16,16,69,15,0
11,55475639,60700583,1,37,2,16,16,41,7,1
2,50976459,50976852,1,37,2,16,16,41,23,0
2,117591245,132731650,1,37,2,16,16,41,23,1
17,39432724,44215474,1,37,2,16,16,41,23,0
13,19026949,23629187,1,37,2,16,16,41,7,1
10,37479414,46590231,1,37,2,16,16,41,23,1
6,103759658,170246129,1,37,2,16,16,43,7,0
21,15341527,15554350,1,37,2,16,16,43,23,0
15,24433948,67111380,1,37,2,16,16,43,23,1
5,70306659,70391253,1,37,2,16,16,43,23,0
11,198510,18954808,1,37,2,16,16,43,7,1
1,27721084,28277692,1,37,2,16,16,43,23,0
2,242915466,243034519,1,37,2,16,16,62,15,1
6,77016900,77016926,1,37,2,16,16,62,15,1
11,198510,4975164,1,37,2,16,16,62,7,0
7,127928963,127946901,1,37,2,16,16,62,15,0
13,57758270,57778380,1,37,2,16,16,62,7,1
1,149545386,149578722,1,37,2,16,16,62,5,0
1,72811904,72822505,1,37,2,16,16,62,15,1
3,195390680,195474763,1,37,2,26,26,26,23,0
4,69333814,69521409,1,37,2,26,26,26,5,1
1,161604497,161638201,1,37,2,16,16,59,20,0
20,58073920,58090667,1,37,2,26,26,37,20,1
17,18358946,18465221,1,37,2,26,26,37,20,0
2,52758753,52781504,1,37,2,26,26,37,24,1
14,106530364,106567100,1,37,2,26,26,37,18,0
1,78798739,83348970,1,37,2,26,26,37,20,1
15,30523088,30561567,1,37,2,16,16,55,15,0
22,21068659,21595178,1,37,2,16,16,55,15,1
1,210083984,249224388,1,37,2,16,16,55,15,0
5,4106438,10767276,1,37,2,16,16,55,15,1
12,37857751,38504529,1,37,2,16,16,55,15,0
7,76197430,76738620,1,37,2,16,16,109,15,1
4,115185823,147015296,1,37,2,16,16,109,15,0
15,24382443,24434532,1,37,2,16,16,109,15,1
16,86552713,90287535,1,37,2,16,16,109,15,0
12,84947190,84977642,1,37,2,16,16,109,15,0
14,37336972,41610496,1,37,2,26,26,80,7,0
20,61305,1561667,1,37,2,26,26,80,15,1
5,12790869,12820076,1,37,2,26,26,80,15,0
11,89498362,89548104,1,37,2,26,26,80,15,1
4,12281,23224,1,37,2,26,26,80,15,0
10,67307923,67314446,1,37,2,26,26,80,7,1
20,56114495,56119132,1,37,2,26,26,80,15,0
21,14954193,15085991,1,37,2,26,26,80,15,1
11,134602280,134603992,1,37,2,26,26,80,7,0
7,118544061,118996494,1,37,2,26,26,80,15,1
8,24972187,24974476,1,37,2,26,26,68,7,1
4,10214160,10231498,1,37,2,26,26,68,15,0
20,55594686,62956153,1,37,2,26,26,68,15,0
18,14088044,14088881,1,37,2,26,26,68,15,1
8,31254,11877195,1,37,2,26,26,68,15,0
12,254128,869263,1,37,2,26,26,68,7,1
1,72827978,86956187,1,37,2,26,26,68,15,0
5,30292013,31334486,1,37,2,26,26,68,15,1
2,42447357,42452613,1,37,2,26,26,68,7,0
10,48771950,49363009,1,37,2,26,26,68,15,1
4,70148877,70177008,1,37,2,16,16,105,7,0
12,48730036,52817857,1,37,2,16,16,105,20,1
8,24991104,40183797,1,37,2,16,16,105,20,1
11,89611344,89636197,1,37,2,16,16,105,24,0
12,89885519,89886578,1,37,2,16,16,105,24,0
1,61735,25593128,1,37,2,16,16,105,20,1
13,50377041,51545054,1,37,2,16,16,31,7,1
4,104751630,104753601,1,37,2,16,16,31,20,0
1,28322083,28423938,1,37,2,16,16,31,20,1
22,20662706,21041027,1,37,2,16,16,31,24,0
1,15594889,19033696,1,37,2,16,16,31,24,0
6,103751564,103759513,1,37,2,16,16,31,20,1
15,61217985,61218047,1,37,2,41,41,91,24,0
12,869198,874029,1,37,2,41,41,91,24,1
11,47394305,47394317,1,37,2,41,41,91,15,1
4,65761,9451923,1,37,2,41,41,131,24,0
5,3349207,3988440,1,37,2,41,41,131,24,0
4,40704011,40704192,1,37,2,41,41,131,15,1
12,34250696,34275794,1,37,2,16,16,85,7,1
7,150307922,153382423,1,37,2,16,16,85,15,0
19,21820111,31284806,1,37,2,26,26,55,15,1
1,169233974,169241766,1,37,2,26,26,55,15,0
6,72052837,77014948,1,37,2,26,26,65,15,0
2,185115354,185115369,1,37,2,26,26,65,15,1
10,35560029,46590231,1,37,2,16,16,49,24,0
5,98881992,112951827,1,37,2,16,16,49,5,1
12,8449112,8449217,1,37,2,16,16,49,0,0
8,13536022,19206264,1,37,2,16,16,49,0,1
11,89727683,125075379,1,37,2,16,16,49,15,0
20,2679568,29428523,1,37,2,16,16,49,0,1
4,9859901,9864227,1,37,2,16,16,49,0,0
1,169242401,187606051,1,37,2,16,16,49,5,1
20,1568083,1599002,1,37,2,16,16,49,15,0
7,97395462,97402475,1,37,2,16,16,49,0,1
12,9705126,9707322,1,37,2,16,16,49,5,0
10,56618325,56628313,1,37,2,16,16,49,15,1
6,77033384,78972776,1,37,2,16,16,49,0,0
19,15791664,20594676,1,37,2,16,16,49,5,1
8,12001123,13535612,1,37,2,16,16,17,24,0
21,20741914,24353257,1,37,2,16,16,17,5,1
10,47100656,47317636,1,37,2,16,16,17,0,0
14,38635734,38635810,1,37,2,16,16,17,0,1
3,129763698,129806236,1,37,2,16,16,17,15,0
5,25920401,27325775,1,37,2,16,16,17,0,1
14,50643257,106746725,1,37,2,16,16,17,0,0
12,19888725,30240046,1,37,2,16,16,17,5,1
7,38332030,57534527,1,37,2,16,16,17,15,0
2,49535768,49545041,1,37,2,16,16,17,0,1
11,125075451,125083704,1,37,2,16,16,17,5,0
13,19026949,23633131,1,37,2,16,16,17,15,1
8,40183797,40189511,1,37,2,16,16,17,0,0
1,104259444,110220086,1,37,2,16,16,17,5,1
20,55586814,55587448,1,37,2,26,26,69,7,0
13,106022986,106026555,1,37,2,26,26,69,23,1
3,98944458,98949314,1,37,2,26,26,69,23,0
2,52781326,135056484,1,37,2,26,26,69,23,1
3,18861040,18866539,1,37,2,26,26,45,7,0
5,31520694,46246580,1,37,2,26,26,45,23,1
3,53028375,53041854,1,37,2,26,26,45,23,0
11,60811112,79966832,1,37,2,26,26,45,23,1
4,69255070,69288142,1,37,2,41,41,41,24,0
3,168739827,174945569,1,37,2,41,41,41,7,1
7,142483412,150285104,1,37,2,41,41,41,7,0
22,25922347,49268700,1,37,2,41,41,41,7,1
4,70236151,74424764,1,37,2,41,41,41,15,0
22,39305921,51234455,1,37,2,41,41,41,7,1
5,61574991,61576273,1,37,2,41,41,41,15,0
3,72285797,75568549,1,37,2,41,41,41,7,1
1,110240178,112690326,1,37,2,41,41,41,15,0
8,137894500,137894514,1,37,2,41,41,41,0,1
16,84666556,84702097,1,37,2,41,41,41,15,1
2,194949966,194953657,1,37,2,41,41,41,15,0
14,41657249,50124676,1,37,2,41,41,64,24,0
9,334524,579853,1,37,2,41,41,64,7,1
1,83431709,104159384,1,37,2,41,41,64,7,0
1,9774614,15590276,1,37,2,41,41,64,7,1
10,132602243,132602389,1,37,2,41,41,64,15,0
18,7752784,7755226,1,37,2,41,41,64,7,1
10,61593520,61593721,1,37,2,41,41,64,15,0
20,50401161,50475418,1,37,2,41,41,64,7,1
9,87274748,123059940,1,37,2,41,41,64,15,0
22,16864898,39290920,1,37,2,41,41,64,0,1
16,32655523,33367935,1,37,2,41,41,64,15,0
3,230022,237075,1,37,2,41,41,64,15,1
3,174945947,195285898,1,37,2,26,26,61,5,0
8,7745979,7754228,1,37,2,26,26,61,7,1
5,180387138,180418103,1,37,2,26,26,61,5,0
14,74006707,74020979,1,37,2,26,26,61,7,1
14,19002124,20200409,1,37,2,26,26,61,7,0
16,19945650,19965875,1,37,2,16,16,37,23,1
16,33794655,34466571,1,37,2,16,16,37,24,0
1,24573822,27274970,1,37,2,16,16,37,7,1
4,10400668,34779004,1,37,2,16,16,37,7,0
7,57536709,64594341,1,37,2,16,16,37,23,1
16,20058773,20059083,1,37,2,16,16,37,14,0
13,38076267,38084757,1,37,2,16,16,37,0,1
3,89386474,89413050,1,37,2,16,16,37,0,0
14,41657249,41657349,1,37,2,16,16,37,2,1
20,56412360,56412675,1,37,2,16,16,37,0,0
4,81774744,86643742,1,37,2,16,16,37,23,1
19,7638775,7640617,1,37,2,16,16,37,24,0
3,162726159,168730180,1,37,2,16,16,37,2,1
5,155482715,172933842,1,37,2,16,16,37,23,0
11,45625143,45630682,1,37,2,16,16,386,23,1
5,75450067,75450144,1,37,2,16,16,386,24,0
6,77017069,77027781,1,37,2,16,16,386,7,1
3,68748758,72282222,1,37,2,16,16,386,14,0
10,98148557,102034370,1,37,2,16,16,94,23,1
12,52823214,53459002,1,37,2,16,16,94,24,0
7,38303144,38331340,1,37,2,16,16,94,7,1
5,13043231,13081619,1,37,2,16,16,94,14,0
3,47400331,47405451,1,37,2,16,16,9,7,1
15,92805350,92806450,1,37,2,16,16,9,24,0
3,6651211,6653332,1,37,2,16,16,9,5,1
14,106756858,107285437,1,37,2,16,16,9,24,0
8,39830957,39831647,1,37,2,16,16,9,7,1
6,79011383,80110321,1,37,2,16,16,9,5,0
7,153402467,157755679,1,37,2,16,16,9,7,1
1,193156279,193156348,1,37,2,16,16,78,23,0
6,32431552,32570365,1,37,2,16,16,78,24,1
1,5949944,7350046,1,37,2,16,16,78,23,0
5,57326027,57332554,1,37,2,16,16,25,23,1
4,148729270,191027923,1,37,2,16,16,25,24,0
2,184085788,184089724,1,37,2,16,16,25,23,1
5,15532,8390368,1,37,2,16,16,57,15,0
16,84703654,86552494,1,37,2,16,16,57,15,1
4,69288138,69327063,1,37,2,16,16,57,5,0
15,70462665,70462952,1,37,2,16,16,57,7,1
7,24039878,24040383,1,37,2,26,26,79,15,0
4,69505115,70121263,1,37,2,26,26,79,5,1
0,82201007,82207051,1,37,2,26,26,29,15,0
2,203899800,203902046,1,37,2,26,26,29,5,1
12,9728292,11220827,1,37,2,16,16,37,19,1
8,31254,2247827,1,37,2,16,16,52,15,0
17,18469197,34437128,1,37,2,16,16,52,14,0
5,17025053,17049577,1,37,2,16,16,52,15,1
9,68209916,75512050,1,37,2,16,16,52,15,1
17,34528125,39421685,1,37,2,16,16,52,15,0
8,19643151,24974522,1,37,2,16,16,28,15,1
4,9446843,9568478,1,37,2,16,16,28,14,0
12,11236836,11261335,1,37,2,16,16,28,15,1
9,596826,24500455,1,37,2,16,16,28,15,1
1,19034392,19291648,1,37,2,16,16,28,15,0
7,129694738,133778652,1,37,2,16,16,26,5,0
12,81493930,81494274,1,37,2,16,16,26,5,1
5,15723346,19458788,1,37,2,16,16,26,7,0
2,160771575,160859235,1,37,2,16,16,26,20,1
1,202567713,202567786,1,37,2,16,16,26,20,0
2,34699315,34737057,1,37,2,16,16,26,24,1
7,145148265,145151681,1,37,2,16,16,26,7,0
2,87161853,98118212,1,37,2,16,16,26,7,1
22,49273291,51234455,1,37,2,16,16,26,24,0
9,133955276,135288261,1,37,2,16,16,26,20,1
20,1597946,55585046,1,37,2,16,16,26,20,0
4,49297220,49658612,1,37,2,16,16,26,5,1
3,26434124,26434729,1,37,2,16,16,26,20,0
6,265113,291082,1,37,2,16,16,26,20,1
19,56282535,56283067,1,37,2,16,16,26,20,0
4,69294799,69374941,1,37,2,16,16,45,5,1
5,179821150,179821445,1,37,2,16,16,45,5,0
3,53039677,65580758,1,37,2,16,16,45,14,1
6,32690797,32690830,1,37,2,16,16,45,0,0
9,135462633,141091394,1,37,2,16,16,45,14,1
7,91359336,97395460,1,37,2,16,16,45,14,0
7,76197981,76735678,1,37,2,16,16,45,14,1
1,72788844,78789453,1,37,2,16,16,45,14,0
14,20203466,20423372,1,37,2,16,16,45,14,1
16,34765216,55796594,1,37,2,16,16,45,5,0
8,7272181,7744064,1,37,2,16,16,59,15,0
5,155476772,155500992,1,37,2,16,16,59,15,1
1,27720551,28423938,1,37,2,26,26,95,15,0
1,189648483,189648527,1,37,2,26,26,95,7,1
5,27525390,27525987,1,37,2,26,26,24,23,0
4,49584109,49658612,1,37,2,26,26,24,23,1
1,26947771,27436702,1,37,2,26,26,24,5,0
4,108068384,108071888,1,37,2,26,26,62,23,1
7,133795704,142476719,1,37,2,26,26,62,23,0
10,72759,4240107,1,37,2,26,26,62,5,1
11,55361410,55453576,1,37,2,16,16,55,7,0
9,582866,593899,1,37,2,16,16,55,15,1
11,48519211,48520424,1,37,2,16,16,55,15,0
1,110250590,169216937,1,37,2,16,16,55,7,1
7,1103268,1153141,1,37,2,16,16,55,7,0
12,73206331,73206406,1,37,2,16,16,55,7,1
1,195836268,195837330,1,37,2,16,16,55,7,0
14,106868554,106918108,1,37,2,16,16,55,15,1
2,159112454,159118638,1,37,2,16,16,55,15,0
0,115156419,154385156,1,37,2,16,16,55,7,1
22,21708030,25659129,1,37,2,16,16,55,15,0
11,18970705,20284258,1,37,2,16,16,55,15,1
11,48930132,48930328,1,37,2,16,16,90,0,0
9,76029826,79768705,1,37,2,16,16,90,23,1
12,19531997,19537008,1,37,2,16,16,90,2,0
2,132746264,140361385,1,37,2,16,16,90,5,1
2,140378548,159105908,1,37,2,26,26,111,7,0
1,25661501,72763370,1,37,2,26,26,111,15,1
4,10236142,10390715,1,37,2,26,26,111,15,0
5,112956600,155476920,1,37,2,26,26,111,15,1
8,40192910,146298155,1,37,2,26,26,111,15,0
10,4243998,37455145,1,37,2,26,26,76,7,1
10,67306276,67308030,1,37,2,26,26,76,15,0
3,49563585,53028375,1,37,2,26,26,76,15,1
13,23638195,50206878,1,37,2,26,26,76,15,0
3,19599696,49102413,1,37,2,26,26,76,15,1
11,20284420,20285599,1,37,2,26,26,55,15,0
9,87267699,87267793,1,37,2,26,26,55,15,1
2,86953070,86953854,1,37,2,26,26,14,15,0
5,1309074,1880588,1,37,2,26,26,14,15,1
15,92806473,102469040,1,37,2,16,16,92,7,0
10,29412004,32952528,1,37,2,16,16,92,23,1
12,53459101,53471218,1,37,2,16,16,39,7,0
9,79770510,90522594,1,37,2,16,16,39,23,1
12,34275794,45904438,1,37,2,16,16,57,5,0
16,22557932,22710742,1,37,2,16,16,57,5,1
10,32955145,35556117,1,37,2,16,16,57,5,0
1,144998881,145004743,1,37,2,16,16,57,14,1
2,43190388,43190460,1,37,2,16,16,57,15,1
18,38258096,38258483,1,37,2,16,16,57,5,0
4,115175323,115182175,1,37,2,16,16,22,15,0
18,56096778,56099407,1,37,2,16,16,22,15,1
1,26022373,26172823,1,37,2,16,16,22,15,0
5,17500826,19534828,1,37,2,16,16,22,7,1
12,11251874,34250696,1,37,2,16,16,22,15,0
6,78962889,79035185,1,37,2,16,16,48,15,1
1,195837339,200740975,1,37,2,16,16,48,15,1
4,10244613,10244955,1,37,2,16,16,48,15,0
14,26783911,26795104,1,37,2,16,16,48,7,1
5,172994744,173207353,1,37,2,16,16,48,15,0
16,55804348,90287535,1,37,2,16,16,65,15,1
9,104385813,104386378,1,37,2,16,16,65,15,0
10,47401341,48736766,1,37,2,16,16,74,15,0
0,154432253,155182354,1,37,2,16,16,74,15,1
7,63110343,63110854,1,37,2,26,26,66,15,0
3,129763698,129799013,1,37,2,16,16,111,7,1
5,10768769,10777149,1,37,2,16,16,111,15,0
4,9456977,9479345,1,37,2,16,16,111,15,1
5,20914699,23819475,1,37,2,16,16,111,15,0
11,4976334,5783923,1,37,2,16,16,111,7,1
7,64637128,76197430,1,37,2,16,16,111,15,0
14,19731410,19852833,1,37,2,16,16,111,15,1
4,149239012,149254723,1,37,2,16,16,74,7,0
9,186580,329462,1,37,2,16,16,74,15,1
6,77415833,77452757,1,37,2,16,16,74,15,1
12,132132584,132142331,1,37,2,16,16,74,15,0
2,180067192,180076663,1,37,2,16,16,74,7,0
19,90910,20594676,1,37,2,16,16,74,15,1
15,67124894,76891241,1,37,2,16,16,74,15,0
9,75513572,76013437,1,37,2,16,16,39,7,1
3,162219185,162714517,1,37,2,16,16,39,23,0
11,125088270,134944770,1,37,2,16,16,39,23,1
22,16399132,18655860,1,37,2,16,16,39,23,0
15,24725293,24778891,1,37,2,16,16,39,23,1
12,38545140,48725042,1,37,2,16,16,39,14,0
17,14416284,14431214,1,37,2,16,16,39,23,1
17,44784982,81049726,1,37,2,16,16,39,5,0
2,242915466,243034686,1,37,2,16,16,39,14,1
17,44311886,44505241,1,37,2,16,16,73,18,0
19,20721462,21814919,1,37,2,16,16,73,18,1
6,170466300,171051005,1,37,2,16,16,73,18,0
22,25736678,25746042,1,37,2,26,26,72,15,1
3,75595181,98937784,1,37,2,26,26,72,15,0
22,18810110,20330744,1,37,2,26,26,49,15,1
5,103860373,103860604,1,37,2,26,26,49,15,0
1,12909977,12927107,1,37,2,16,16,33,5,1
9,123196477,133754220,1,37,2,16,16,33,23,1
1,86959688,104163787,1,37,2,16,16,70,5,0
12,130520759,130522866,1,37,2,16,16,70,23,1
17,667243,667377,1,37,2,16,16,9,24,0
1,25646986,72768498,1,37,2,16,16,9,24,0
1,112697241,144947719,1,37,2,16,16,9,24,1
19,31290599,43703033,1,37,2,16,16,9,24,0
19,14855686,14856363,1,37,2,16,16,9,15,1
17,44546329,44752283,1,37,2,16,16,60,24,0
1,145084692,149229843,1,37,2,16,16,60,24,1
15,20581562,22441747,1,37,2,16,16,60,24,0
15,24574937,24674751,1,37,2,16,16,60,24,0
7,150300867,150301569,1,37,2,16,16,60,15,1
21,10736871,14669103,1,37,2,26,26,37,24,0
20,55122719,55122725,1,37,2,26,26,37,0,1
6,366333,32431292,1,37,2,26,26,37,15,0
1,152555767,152586540,1,37,2,26,26,37,24,1
5,19459627,46271930,1,37,2,26,26,37,15,1
9,72105613,72105615,1,37,2,26,26,37,24,0
17,34439978,34485091,1,37,2,26,26,37,24,0
18,11543,7748661,1,37,2,26,26,37,0,1
5,15655895,15720227,1,37,2,26,26,37,24,0
2,86970406,87128201,1,37,2,26,26,37,15,1
16,33369764,33776085,1,37,2,26,26,37,15,0
12,53482169,73201599,1,37,2,26,26,37,24,0
9,90554151,90554219,1,37,2,16,16,28,23,1
10,37461148,37467614,1,37,2,16,16,28,23,0
22,25747590,25922342,1,37,2,16,16,28,23,1
9,596826,72100569,1,37,2,16,16,28,23,0
11,48964733,55359518,1,37,2,16,16,73,23,1
22,16052528,16236204,1,37,2,16,16,73,23,0
5,15532,1308552,1,37,2,16,16,73,23,1
3,84699184,84707065,1,37,2,16,16,73,23,0
19,20596206,20716349,1,37,2,1,1,50,24,1
3,174945912,174945927,1,37,2,1,1,50,15,0
20,55594686,56112197,1,37,2,1,1,50,24,1
15,61221192,70462010,1,37,2,1,1,50,5,0
4,25188,65677,1,37,2,1,1,50,5,1
7,64594929,64595698,1,37,2,1,1,50,7,0
0,168477,82196069,1,37,2,1,1,50,15,1
7,97395462,97401932,1,37,2,1,1,50,15,0
1,19297985,19570632,1,37,2,1,1,50,24,1
7,63111146,76179714,1,37,2,1,1,50,5,0
15,22751094,24376697,1,37,2,1,1,50,7,1
0,168477,155182354,1,37,2,1,1,50,24,0
7,76738620,97395460,1,37,2,1,1,50,5,1
13,38088330,57751096,1,37,2,1,1,50,5,0
1,104163499,104256880,1,37,2,1,1,50,0,1
2,117589767,117589853,1,37,2,1,1,50,24,1
20,1685647,1686110,1,37,2,1,1,50,24,0
14,38638505,41610496,1,37,2,1,1,10,24,0
7,76747530,91357869,1,37,2,1,1,10,15,1
18,11543,78015057,1,37,2,1,1,10,24,0
2,135056675,135056870,1,37,2,1,1,10,5,1
10,49381611,61592447,1,37,2,1,1,10,5,0
8,7029990,7267365,1,37,2,1,1,10,7,1
22,16239362,16395162,1,37,2,1,1,10,15,0
16,20059677,21412403,1,37,2,1,1,10,15,1
11,4975675,4976272,1,37,2,1,1,10,24,0
10,67308591,67314430,1,37,2,1,1,10,5,1
12,84980011,89879514,1,37,2,1,1,10,7,0
22,49269923,49270542,1,37,2,1,1,10,24,1
12,45905840,45909537,1,37,2,1,1,10,5,1
5,20746840,20803221,1,37,2,1,1,10,5,0
13,23638195,38075965,1,37,2,1,1,10,0,0
1,28289727,28322019,1,37,2,1,1,10,24,1
12,48725239,48725415,1,37,2,1,1,10,24,0
2,12784,4205687,1,37,2,26,26,101,15,1
8,2254638,2259358,1,37,2,26,26,52,15,0
14,74029900,106526966,1,37,2,16,16,33,23,1
3,129799597,162217021,1,37,2,41,41,34,7,0
20,50479879,54813162,1,37,2,41,41,34,14,1
12,34276055,34854498,1,37,2,41,41,34,14,0
1,112695965,112697213,1,37,2,41,41,34,15,1
11,60703076,60810757,1,37,2,41,41,34,7,0
11,45636270,47393638,1,37,2,41,41,34,15,1
22,18672885,18810094,1,37,2,41,41,34,15,0
1,72822797,72822836,1,37,2,41,41,34,15,1
4,81765239,81768471,1,37,2,41,41,59,7,0
2,132742781,132743242,1,37,2,41,41,59,14,1
3,18866806,19595902,1,37,2,41,41,59,14,0
19,43713734,43767012,1,37,2,41,41,59,15,1
20,61305,1326001,1,37,2,41,41,59,7,0
6,32431552,32573771,1,37,2,41,41,59,15,1
11,5809338,18940870,1,37,2,41,41,59,15,0
15,70471277,70520077,1,37,2,41,41,59,15,1
9,24500840,24517682,1,37,2,16,16,66,5,1
5,155502179,180380203,1,37,2,16,16,66,0,0
1,169233974,169241766,1,37,2,16,16,66,0,1
22,21059683,21062147,1,37,2,16,16,66,5,0
1,210081613,210082065,1,37,2,16,16,66,0,1
2,194954075,242783396,1,37,2,16,16,66,15,1
5,27526020,27717180,1,37,2,16,16,66,15,0
2,50977979,52754881,1,37,2,16,16,66,0,0
5,20896607,20912321,1,37,2,16,16,66,15,1
4,9569841,10210390,1,37,2,16,16,54,5,1
11,125088270,134601791,1,37,2,16,16,54,0,0
10,46674180,47055654,1,37,2,16,16,54,0,0
2,184093998,203896897,1,37,2,16,16,54,5,1
12,873944,9697719,1,37,2,16,16,54,0,0
20,55126466,55585046,1,37,2,16,16,54,15,1
22,16239362,16683416,1,37,2,16,16,54,15,0
12,875354,8442285,1,37,2,16,16,54,0,1
11,47396222,48518893,1,37,2,16,16,54,15,0
12,52818085,52822258,1,37,2,41,41,62,7,1
11,55460683,89492878,1,37,2,41,41,62,24,0
15,24782267,30519742,1,37,2,41,41,62,7,1
6,32573771,32690027,1,37,2,41,41,62,15,1
10,61594452,67306276,1,37,2,41,41,62,0,0
0,82208675,115133681,1,37,2,41,41,62,15,0
1,12927856,25583341,1,37,2,41,41,62,5,1
10,102040077,109856276,1,37,2,41,41,62,5,0
10,109856750,132601324,1,37,2,41,41,62,5,1
16,32244473,32655295,1,37,2,41,41,104,7,1
21,15562107,20737862,1,37,2,41,41,104,24,0
5,15723346,17011770,1,37,2,41,41,104,7,0
5,28426649,29345591,1,37,2,41,41,104,15,1
19,43703504,43756237,1,37,2,41,41,104,0,0
14,42995511,74001123,1,37,2,41,41,104,15,1
2,185116339,194949683,1,37,2,41,41,104,5,0
7,91358294,91359033,1,37,2,41,41,104,5,1
5,46246655,57321646,1,37,2,41,41,104,5,0
10,4240722,4241572,1,37,2,16,16,61,14,1
3,97915948,98937784,1,37,2,16,16,61,23,0
8,13535708,13536020,1,37,2,16,16,61,24,1
9,79769394,79770398,1,37,2,16,16,61,7,0
5,172934387,172994543,1,37,2,16,16,61,14,1
18,14090896,38258082,1,37,2,16,16,61,14,0
7,23149955,23149972,1,37,2,16,16,61,14,1
3,162717727,162719562,1,37,2,16,16,61,24,0
7,1158144,63109907,1,37,2,16,16,28,14,1
4,52685699,64693940,1,37,2,16,16,28,23,0
10,47059388,47099260,1,37,2,16,16,28,24,1
9,39140232,39146318,1,37,2,16,16,28,7,0
16,60777,19944363,1,37,2,16,16,28,14,1
5,57321646,57333533,1,37,2,16,16,28,14,0
4,12281,65978,1,37,2,16,16,28,14,1
17,44394412,44784678,1,37,2,16,16,28,24,0
7,133790443,141754323,1,37,2,16,16,18,23,1
2,140366091,140373334,1,37,2,16,16,18,24,1
15,24442219,24574757,1,37,2,16,16,18,24,0
2,49545818,50976171,1,37,2,16,16,18,23,0
7,133785177,133795665,1,37,2,16,16,18,24,1
10,1561211,28843646,1,37,2,16,16,18,7,0
7,150285801,150301569,1,37,2,16,16,18,23,1
3,49112678,49561430,1,37,2,16,16,18,24,0
12,150442,253422,1,37,2,16,16,18,23,1
8,115641731,137893470,1,37,2,16,16,18,24,0
5,17053520,17496869,1,37,2,16,16,18,23,1
3,60345,224602,1,37,2,16,16,18,23,0
4,70182744,86976764,1,37,2,16,16,18,24,1
21,10736871,10940642,1,37,2,16,16,18,23,0
3,237880,6651128,1,37,2,16,16,18,24,1
4,104753737,108068318,1,37,2,1,1,131,7,0
14,41670102,42987505,1,37,2,1,1,131,15,1
3,6655078,26426191,1,37,2,1,1,131,7,0
8,40192910,115634554,1,37,2,1,1,131,16,1
4,52685699,69284591,1,37,2,1,1,38,7,0
5,70654072,103851221,1,37,2,1,1,38,15,1
1,149242663,149248727,1,37,2,1,1,38,7,0
3,98944458,98949056,1,37,2,1,1,38,16,1
1,7350390,9759564,1,37,2,16,16,37,23,0
1,28438116,59018259,1,37,2,16,16,37,7,1
5,31336518,31520234,1,37,2,16,16,37,7,0
8,39332971,39830700,1,37,2,16,16,72,23,1
1,6107901,18912699,1,37,2,16,16,72,7,0
20,1489630,1561667,1,37,2,16,16,72,7,1
4,10234214,10235268,1,37,2,26,26,57,15,0
7,157756463,159127004,1,37,2,26,26,108,15,1
15,20016328,20581455,1,37,2,26,26,58,5,0
17,526,665044,1,37,2,26,26,58,23,1
5,75450176,98878673,1,37,2,26,26,58,5,0
19,56286293,59097854,1,37,2,26,26,58,24,1
4,10392354,10400511,1,37,2,26,26,58,5,0
19,90910,7638646,1,37,2,26,26,58,5,1
6,72047915,72048591,1,37,2,26,26,58,23,1
5,61582192,75450020,1,37,2,26,26,58,5,0
1,152586576,161601933,1,37,2,26,26,58,5,0
5,180433225,180790320,1,37,2,26,26,58,7,1
16,55804348,84666390,1,37,2,26,26,32,15,0
18,7755352,14087792,1,37,2,26,26,32,15,1
19,14856638,15784152,1,37,2,16,16,41,23,1
9,68186051,68188547,1,37,2,16,16,41,5,0
3,162726159,195383142,1,37,2,16,16,41,23,0
7,153395472,153402404,1,37,2,16,16,41,7,1
13,23629210,23632876,1,37,2,16,16,41,23,0
5,15719222,15720597,1,37,2,16,16,41,23,1
10,67322795,135506704,1,37,2,16,16,41,23,0
13,50223520,50371426,1,37,2,16,16,41,14,1
4,86643857,86644102,1,37,2,16,16,41,23,0
1,86956314,86957624,1,37,2,16,16,41,23,1
4,9486087,9859897,1,37,2,16,16,41,23,0
8,24974522,24984333,1,37,2,16,16,41,23,1
1,144948968,144997257,1,37,2,16,16,67,23,0
13,88634590,106022722,1,37,2,16,16,67,5,1
11,89656239,89699504,1,37,2,16,16,67,23,0
13,51562372,88526804,1,37,2,16,16,67,7,1
2,34737163,42445808,1,37,2,16,16,67,23,0
5,23821658,25598148,1,37,2,16,16,67,23,1
7,118997002,129537213,1,37,2,16,16,67,23,0
2,243034686,243089456,1,37,2,16,16,67,14,1
17,678491,14413661,1,37,2,16,16,67,23,0
5,10778524,12785262,1,37,2,16,16,67,23,1
14,50127761,50638529,1,37,2,16,16,67,23,0
10,56628544,67306158,1,37,2,16,16,67,23,1
4,45010969,49291355,1,37,2,16,16,69,5,0
4,185744401,191027923,1,37,2,16,16,69,16,1
5,173208608,173208886,1,37,2,16,16,69,5,0
12,34256709,34275406,1,37,2,16,16,49,23,1
9,332404,332639,1,37,2,16,16,49,7,0
6,55945010,77014948,1,37,2,16,16,49,24,1
4,69528959,70143806,1,37,2,16,16,49,24,0
3,68746259,68747413,1,37,2,16,16,49,24,1
4,108073507,115173700,1,37,2,16,16,49,24,0
15,20016328,20203961,1,37,2,16,16,49,24,1
5,8396461,8396885,1,37,2,16,16,49,5,0
1,200747867,202567553,1,37,2,16,16,49,5,1
6,294286,365720,1,37,2,16,16,49,24,0
4,147018688,148725508,1,37,2,16,16,112,7,1
2,4223512,34691069,1,37,2,16,16,112,14,0
19,21815640,21819869,1,37,2,16,16,112,14,1
14,19002124,19706758,1,37,2,16,16,112,24,1
2,52781522,86937687,1,37,2,16,16,112,24,0
4,66719,9446047,1,37,2,16,16,112,14,0
13,51546911,51555862,1,37,2,16,16,112,14,1
1,61735,12892508,1,37,2,16,16,112,14,0
15,70529197,76891241,1,37,2,16,16,112,24,1
1,21092444,24573282,1,37,2,16,16,112,14,0
12,11222368,11241532,1,37,2,16,16,112,24,1
1,202568542,248797213,1,37,2,16,16,112,7,0
14,26796177,38635174,1,37,2,16,16,112,14,1
5,46272521,46273502,1,37,2,16,16,112,14,0
15,24382443,24433585,1,37,2,16,16,112,14,1
7,150307922,159127004,1,37,2,16,16,112,24,0
4,116180555,149238314,1,37,2,16,16,112,14,1
4,34824725,40700573,1,37,2,16,16,112,24,0
14,20424926,26783903,1,37,2,16,16,112,14,1
20,1599061,1599142,1,37,2,16,16,112,23,0
3,53031736,53039489,1,37,2,16,16,112,14,1
8,7754293,11949551,1,37,2,16,16,112,24,1
3,128391626,128412331,1,37,2,16,16,53,7,0
1,25593128,25646946,1,37,2,16,16,53,14,1
7,24040817,38303120,1,37,2,16,16,53,14,0
21,24365582,48096957,1,37,2,16,16,53,24,1
16,19967362,20057900,1,37,2,16,16,53,24,0
12,19537073,19888651,1,37,2,16,16,53,14,0
1,187607131,193155792,1,37,2,16,16,53,14,1
17,526,18355392,1,37,2,16,16,53,14,0
9,72105619,87267378,1,37,2,16,16,53,24,1
7,127948134,133775139,1,37,2,16,16,53,14,0
10,132602869,135506704,1,37,2,16,16,53,24,1
16,21593455,22442020,1,37,2,16,16,53,7,0
1,24560227,24985389,1,37,2,16,16,53,14,1
7,157755800,157756400,1,37,2,16,16,53,14,0
4,86644130,115173700,1,37,2,16,16,53,14,1
10,96937454,98145196,1,37,2,16,16,53,24,0
2,135058257,160770579,1,37,2,16,16,53,14,1
9,41972506,41978375,1,37,2,16,16,53,24,1
22,25736672,25736677,1,37,2,16,16,53,14,0
10,32952802,32955105,1,37,2,16,16,53,23,0
8,39251487,39324474,1,37,2,16,16,53,14,1
6,77016900,77017056,1,37,2,16,16,53,24,0
7,97404240,101135224,1,37,2,16,16,69,23,1
16,34470704,34765093,1,37,2,16,16,69,0,0
12,30240140,30243722,1,37,2,16,16,69,14,1
9,582866,593899,1,37,2,16,16,69,14,0
16,60777,55796594,1,37,2,16,16,69,14,1
1,27444915,27720551,1,37,2,16,16,69,0,0
17,44249838,44364170,1,37,2,16,16,69,0,1
14,41633385,41653977,1,37,2,16,16,69,14,0
9,76020858,76029499,1,37,2,16,16,69,14,1
17,14442227,35550949,1,37,2,16,16,69,23,0
19,7653218,14850996,1,37,2,16,16,99,23,1
19,31288118,31288540,1,37,2,16,16,99,0,0
1,15590342,15594523,1,37,2,16,16,99,14,1
5,3991136,4106399,1,37,2,16,16,99,14,0
3,128414161,129762859,1,37,2,16,16,99,14,1
13,57789714,115108397,1,37,2,16,16,99,0,0
5,155476998,155482574,1,37,2,16,16,99,0,1
2,203904140,242783396,1,37,2,16,16,99,14,0
12,48725239,48725415,1,37,2,16,16,99,14,1
6,149661,264756,1,37,2,16,16,99,23,0
1,28438116,59018259,1,37,2,26,26,65,15,1
6,77016993,77415155,1,37,2,26,26,87,15,0
7,141781498,145147824,1,37,2,16,16,53,14,1
4,149256854,185731940,1,37,2,16,16,53,15,0
22,21607084,21611349,1,37,2,16,16,53,15,1
14,19877072,20201117,1,37,2,16,16,53,15,0
9,46587,579853,1,37,2,16,16,19,14,1
14,106746958,106754003,1,37,2,16,16,19,15,0
1,26173395,26190025,1,37,2,16,16,19,15,1
5,61582192,70254906,1,37,2,16,16,19,15,0
3,26434901,47399911,1,37,2,26,26,89,17,1
7,142476764,142483351,1,37,2,26,26,47,15,0
2,52758753,52781295,1,37,2,26,26,47,24,1
5,12824411,13043106,1,37,2,26,26,47,2,0
17,44216322,44311470,1,37,2,26,26,25,15,1
20,29436802,50398001,1,37,2,26,26,25,24,1
7,23149986,24035127,1,37,2,26,26,25,2,0
1,104178038,104239689,1,37,2,16,16,37,20,0
4,70123510,70232124,1,37,2,16,16,37,0,1
6,77032953,77033209,1,37,2,16,16,37,20,0
20,1567454,1593893,1,37,2,16,16,37,20,1
5,29378826,30047928,1,37,2,16,16,37,20,0
8,12260927,24971952,1,37,2,16,16,37,2,1
4,86979944,104745571,1,37,2,16,16,37,7,0
10,49031175,56618195,1,37,2,16,16,37,0,1
10,28849760,29411140,1,37,2,16,16,46,20,0
2,42454185,43188963,1,37,2,16,16,46,0,1
3,195383142,195479748,1,37,2,16,16,46,20,0
19,20596206,20721234,1,37,2,16,16,46,20,1
1,25976129,26019407,1,37,2,16,16,46,20,0
8,24974577,24984333,1,37,2,16,16,46,2,1
12,83190087,84946834,1,37,2,16,16,46,7,0
8,39834819,40182117,1,37,2,16,16,46,0,1
12,73207191,81493826,1,37,2,26,26,31,7,0
12,130523027,133778189,1,37,2,26,26,31,23,1
8,11881859,12000309,1,37,2,26,26,31,23,0
19,15790085,15791617,1,37,2,26,26,31,24,1
20,58090693,62956153,1,37,2,26,26,31,23,0
8,12034307,12234400,1,37,2,26,26,31,24,1
3,47409212,53023211,1,37,2,26,26,31,23,0
17,44752300,81049726,1,37,2,26,26,31,23,1
12,89888521,130520674,1,37,2,26,26,31,23,0
11,89548892,89602573,1,37,2,26,26,31,23,1
20,56119669,56409769,1,37,2,26,26,118,7,1
7,43355,1091644,1,37,2,26,26,118,23,0
3,84711725,89385887,1,37,2,26,26,118,23,0
8,40183799,40189511,1,37,2,26,26,118,24,1
2,87129203,87137385,1,37,2,26,26,118,23,0
1,110250572,110250584,1,37,2,26,26,118,24,1
4,64716431,69244434,1,37,2,26,26,118,23,0
3,75572549,75586805,1,37,2,26,26,118,23,1
1,83349640,83420941,1,37,2,26,26,118,23,0
6,150300,32431292,1,37,2,26,26,118,23,1
20,55586814,55587448,1,37,2,26,26,55,24,0
10,96933149,96936657,1,37,2,26,26,55,0,1
6,32692227,32711857,1,37,2,26,26,55,23,1
17,44523711,44523726,1,37,2,26,26,55,5,0
7,38331413,38331728,1,37,2,26,26,55,23,0
5,179821582,180790320,1,37,2,26,26,55,24,1
16,22712979,32210099,1,37,2,26,26,55,24,0
3,98949421,129762859,1,37,2,26,26,55,24,1
12,9713674,11236215,1,37,2,26,26,48,24,0
2,159118819,180061655,1,37,2,26,26,48,0,1
5,98878767,98878804,1,37,2,26,26,48,23,0
1,18914530,19034392,1,37,2,26,26,48,5,1
20,56413177,56668479,1,37,2,26,26,48,23,0
7,141769643,141770922,1,37,2,26,26,48,24,1
6,103747471,103751338,1,37,2,26,26,48,24,0
12,8453466,9633870,1,37,2,26,26,48,24,1
5,1890233,3348613,1,37,2,26,26,64,15,0
17,39421708,39430531,1,37,2,26,26,64,15,1
11,134607871,134944770,1,37,2,26,26,64,0,0
3,89413220,97899419,1,37,2,26,26,64,15,1
12,11266831,19531849,1,37,2,26,26,64,14,0
18,69734897,69767425,1,37,2,26,26,64,24,1
1,2650438,5949434,1,37,2,26,26,58,15,0
12,38505518,38545033,1,37,2,26,26,58,15,1
5,57332644,61573372,1,37,2,26,26,58,0,0
2,98140747,98162189,1,37,2,26,26,58,15,1
6,79039234,171051005,1,37,2,26,26,58,14,0
8,137900733,146298155,1,37,2,26,26,58,24,1
15,67111657,67124027,1,37,2,26,26,96,15,0
10,47370318,48928791,1,37,2,1,1,80,23,1
7,101141867,118542848,1,37,2,1,1,71,23,0
12,249557,869109,1,37,2,26,26,14,15,1
16,55798222,55798779,1,37,2,26,26,14,15,0
12,81496075,83181123,1,37,2,26,26,14,14,1
13,106026858,115108397,1,37,2,26,26,14,14,0
6,32690797,32690830,1,37,2,26,26,14,15,1
3,168733402,168738628,1,37,2,26,26,14,14,0
4,69374955,69489335,1,37,2,26,26,14,14,1
1,27298371,27718290,1,37,2,26,26,14,14,0
18,77873956,77890637,1,37,2,26,26,14,15,1
4,10230812,10240713,1,37,2,26,26,14,15,1
11,18970705,55361361,1,37,2,26,26,14,15,0
12,9637909,9715565,1,37,2,26,26,14,14,1
14,106918649,107285437,1,37,2,26,26,14,14,0
11,55359553,55475560,1,37,2,26,26,96,15,1
1,248808864,249224388,1,37,2,26,26,96,15,0
14,37335588,37336635,1,37,2,26,26,96,14,0
2,43190992,49533042,1,37,2,26,26,96,14,1
1,72768916,72811148,1,37,2,26,26,96,15,0
5,25599421,25912113,1,37,2,26,26,96,14,1
7,145155667,150300735,1,37,2,26,26,96,14,0
3,129806924,162714517,1,37,2,26,26,96,14,1
1,26631371,26928589,1,37,2,26,26,96,15,0
9,75512127,75512300,1,37,2,26,26,96,15,1
11,48521093,48929921,1,37,2,26,26,96,15,0
9,133754592,133949698,1,37,2,26,26,96,14,0
4,115175323,115184390,1,37,2,26,26,96,14,1
14,20201117,20418957,1,37,2,26,26,72,23,0
9,90557957,104385800,1,37,2,26,26,72,23,1
15,30562770,61217373,1,37,2,26,26,72,23,0
4,40704687,45005755,1,37,2,26,26,68,23,1
11,5787405,5809139,1,37,2,26,26,68,23,0
4,34779025,34824183,1,37,2,26,26,68,23,1
14,106569463,106868286,1,37,2,26,26,65,7,0
5,19537086,20724720,1,37,2,26,26,65,23,1
12,30243933,34249814,1,37,2,26,26,14,7,0
1,78789574,78795032,1,37,2,26,26,14,23,1
2,160860151,185112227,1,37,2,26,26,67,15,0
4,74425112,74434311,1,37,2,26,26,67,5,1
3,72282565,72282696,1,37,2,26,26,67,14,0
0,154392382,154418294,1,37,2,26,26,67,14,1
11,18956250,18962363,1,37,2,26,26,67,15,0
1,161638480,169216937,1,37,2,26,26,67,15,1
7,97404240,127928927,1,37,2,26,26,103,15,0
6,78972796,79011334,1,37,2,26,26,103,5,1
4,9865042,10210390,1,37,2,26,26,103,14,0
18,38258582,56096515,1,37,2,26,26,103,14,1
11,79967182,79967504,1,37,2,26,26,103,15,0
1,149248841,149545372,1,37,2,26,26,103,15,1
4,115184229,116166104,1,37,2,16,16,64,24,1
5,112955297,112955331,1,37,2,16,16,64,24,0
11,20285788,45625067,1,37,2,16,16,64,15,1
20,54813533,55121758,1,37,2,16,16,64,15,0
6,170246395,170453351,1,37,2,16,16,64,15,0
2,243037253,243089456,1,37,2,26,26,107,15,1
10,46674180,47392332,1,37,2,26,26,119,15,0
1,25595881,25646986,1,37,2,1,1,156,15,1
2,180079144,184085453,1,37,2,1,1,156,7,0
9,135288778,135445096,1,37,2,1,1,156,15,1
8,19207712,19207847,1,37,2,1,1,156,7,0
11,125075451,125083704,1,37,2,1,1,156,7,1
9,123060182,123195136,1,37,2,1,1,156,24,0
20,2675473,2677566,1,37,2,1,1,156,7,1
1,21025062,23859163,1,37,2,1,1,37,15,0
1,193159723,195832664,1,37,2,1,1,37,7,1
12,132142369,133778189,1,37,2,1,1,37,15,0
6,77461073,78962874,1,37,2,1,1,37,7,1
10,35556661,35559991,1,37,2,1,1,37,7,0
1,145005502,145083864,1,37,2,1,1,37,24,1
4,10245898,49561985,1,37,2,1,1,37,7,0
5,27327337,27524452,1,37,2,16,16,45,15,1
5,13087806,15653833,1,37,2,16,16,45,15,0
21,15086164,15340539,1,37,2,16,16,121,15,1
7,15431670,15433289,1,37,2,16,16,121,15,0
5,19459021,19459263,1,37,2,16,16,31,0,1
8,19641684,19642918,1,37,2,16,16,31,23,1
3,195478694,197896118,1,37,2,16,16,67,15,0
5,103861049,155475105,1,37,2,16,16,67,7,0
1,169242401,189648157,1,37,2,16,16,67,15,1
16,86552500,86552647,1,37,2,16,16,64,15,0
20,56670574,58073713,1,37,2,16,16,64,7,1
1,149617451,152555706,1,37,2,16,16,64,15,0
1,72768418,72788725,1,37,2,26,26,70,24,1
21,14669317,14951790,1,37,2,26,26,70,23,0
6,80113449,103728225,1,37,2,26,26,70,2,1
3,65585538,65656677,1,37,2,26,26,70,14,0
13,23633148,23633515,1,37,2,26,26,70,24,1
22,39295255,39300205,1,37,2,26,26,70,5,0
22,20397856,20499111,1,37,2,26,26,70,14,1
1,110220590,110240155,1,37,2,1,1,72,15,0
10,72759,1560338,1,37,2,1,1,72,15,1
15,76902179,92805289,1,37,2,1,1,72,15,0
15,76891511,76902179,1,37,2,26,26,26,5,1
15,24674887,24718596,1,37,2,26,26,26,14,0
15,22444393,24376697,1,37,2,26,26,26,23,1
9,104386456,141091394,1,37,2,26,26,26,23,1
7,57536111,57536638,1,37,2,26,26,26,23,0
0,115137955,115150638,1,37,2,26,26,73,15,0
8,7250380,7838543,1,37,2,26,26,59,15,1
8,39386965,51032011,1,37,2,16,16,47,15,1
11,8965350,21846894,1,37,2,16,16,75,24,0
12,58468766,63924805,1,37,2,16,16,75,23,1
8,88253911,88267262,1,37,2,16,16,75,23,0
1,72768418,72811148,1,37,2,16,16,75,7,0
6,29850366,29898897,1,37,2,16,16,75,7,1
7,143904279,144003667,1,37,2,16,16,75,23,0
0,152837747,152868418,1,37,2,16,16,75,5,1
17,526,2972646,1,37,2,16,16,75,23,1
5,46271930,46273502,1,37,2,16,16,42,24,0
10,24377674,24378951,1,37,2,16,16,42,23,0
17,39432724,39513456,1,37,2,16,16,42,23,1
3,6655078,9362670,1,37,2,16,16,42,7,0
15,76902194,102469040,1,37,2,16,16,42,7,1
19,5510653,36845875,1,37,2,16,16,42,23,0
6,118682291,167601348,1,37,2,16,16,42,5,1
12,64143188,70870073,1,37,2,16,16,42,23,0
17,39423014,39430157,1,37,2,26,26,43,0,1
22,25082115,25082534,1,37,2,26,26,43,15,0
8,8018036,8018038,1,37,2,26,26,43,5,1
4,34816071,64693940,1,37,2,26,26,43,5,1
9,6712314,23361805,1,37,2,26,26,43,0,0
2,126451932,130793856,1,37,2,26,26,43,5,0
1,2650438,15590276,1,37,2,26,26,43,5,1
16,22590878,22718304,1,37,2,26,26,43,5,0
8,31254,595875,1,37,2,26,26,43,7,1
12,90493626,99791814,1,37,2,26,26,43,15,0
12,99796327,99796572,1,37,2,26,26,43,14,1
2,130849237,180413371,1,37,2,26,26,43,7,0
7,161442,54380373,1,37,2,26,26,43,15,1
12,876288,9630556,1,37,2,26,26,43,5,1
12,869109,876246,1,37,2,26,26,43,24,0
22,20205651,20936334,1,37,2,16,16,78,23,0
2,87330978,87409373,1,37,2,16,16,78,7,1
10,17971816,46253045,1,37,2,16,16,78,7,1
5,70654072,98836572,1,37,2,16,16,78,23,0
22,21816691,21840595,1,37,2,16,16,78,14,0
15,32876831,32937463,1,37,2,16,16,78,23,1
2,208355178,208359336,1,37,2,16,16,78,23,1
7,3395079,3395326,1,37,2,16,16,78,23,0
22,34174947,34174985,1,37,2,16,16,78,23,1
16,32609274,33828054,1,37,2,16,16,78,23,0
21,10736871,48096957,1,37,2,16,16,78,7,0
8,595892,595908,1,37,2,16,16,70,5,1
1,16153497,16155010,1,37,2,16,16,70,23,1
4,14008206,32389364,1,37,2,16,16,86,5,0
9,31044850,44404912,1,37,2,16,16,86,23,0
2,87738406,87996372,1,37,2,1,1,67,15,1
3,119351398,119353938,1,37,2,1,1,34,15,0
14,74006851,74020979,1,37,2,16,16,28,15,1
8,31254,595220,1,37,2,16,16,28,24,1
5,863797,12800889,1,37,2,16,16,28,14,0
18,26196632,36410274,1,37,2,16,16,28,5,0
6,4306353,4308697,1,37,2,16,16,28,5,1
1,153516358,153525601,1,37,2,16,16,28,24,0
4,14002590,14002655,1,37,2,16,16,28,15,1
13,111724124,111724532,1,37,2,16,16,28,24,0
8,18271387,24974443,1,37,2,16,16,28,24,1
15,33061150,33062472,1,37,2,16,16,28,5,1
17,16741515,18358946,1,37,2,16,16,28,24,1
19,53524654,53546855,1,37,2,16,16,28,15,1
16,70855479,71202797,1,37,2,16,16,28,7,1
4,173424947,173428643,1,37,2,16,16,28,24,1
1,248713868,248809369,1,37,2,16,16,187,0,1
14,74423777,74423782,1,37,2,16,16,187,15,1
19,43255217,43362652,1,37,2,26,26,23,15,1
12,45913292,56478336,1,37,2,26,26,23,18,1
6,7917528,19040119,1,37,2,26,26,23,5,1
12,9735686,45904438,1,37,2,26,26,23,5,1
14,106482128,106547314,1,37,2,26,26,23,15,1
6,63704903,74591858,1,37,2,26,26,23,5,1
13,19026949,23629187,1,37,2,26,26,39,15,1
7,34848504,38303144,1,37,2,26,26,74,15,1
1,35102654,35104491,1,37,2,1,1,71,16,1
7,54393488,64568852,1,37,2,1,1,71,16,1
0,103546750,103546787,1,37,2,41,41,67,23,1
5,45916048,46246660,1,37,2,41,41,67,14,1
0,115930113,129548429,1,37,2,41,41,67,23,1
6,74592225,74597289,1,37,2,41,41,59,23,1
6,103765470,114221955,1,37,2,41,41,59,14,1
6,62071011,62251439,1,37,2,41,41,59,23,1
14,41607634,41657249,1,37,2,26,26,67,7,1
12,45913292,63932963,1,37,2,26,26,67,23,1
1,152778576,174796405,1,37,2,26,26,88,7,1
17,44546329,44784652,1,37,2,26,26,88,23,1
16,28824871,32177180,1,37,2,26,26,55,15,1
19,36830311,36847498,1,37,2,26,26,55,15,1
6,19044869,23057637,1,37,2,26,26,55,15,1
12,9735686,31402690,1,37,2,26,26,55,14,1
5,57338357,69074977,1,37,2,26,26,30,15,1
16,33644022,55795214,1,37,2,26,26,30,15,1
7,143904279,144066947,1,37,2,26,26,30,15,1
17,44408662,44505241,1,37,2,26,26,30,14,1
1,72756113,72763370,1,37,2,16,16,80,24,1
1,101655670,103064174,1,37,2,16,16,80,24,1
7,126046877,142474939,1,37,2,16,16,80,5,1
17,44752300,67885266,1,37,2,16,16,80,5,1
17,44215364,44364170,1,37,2,16,16,80,24,1
1,110227396,110236947,1,37,2,16,16,80,24,1
7,97395506,97402475,1,37,2,16,16,80,24,1
5,98844337,114756455,1,37,2,16,16,80,24,1
21,10736871,10829682,1,37,2,16,16,80,5,1
7,34825436,34847196,1,37,2,16,16,80,7,1
22,49273291,51234455,1,37,2,16,16,80,23,1
6,103734829,103765730,1,37,2,16,16,80,23,1
1,2650438,59018259,1,37,2,16,16,72,15,1
15,56791777,76895344,1,37,2,16,16,72,15,1
4,64725504,69220383,1,37,2,16,16,72,15,1
5,11162636,11162771,1,37,2,16,16,72,15,1
2,106880713,106885357,1,37,2,16,16,72,15,1
19,53518747,53552229,1,37,2,16,16,72,15,1
1,186456123,186456336,1,37,2,16,16,72,15,1
16,28753451,28824652,1,37,2,16,16,72,0,1
1,72811904,76050844,1,37,2,16,16,72,15,1
7,142488688,143213351,1,37,2,16,16,72,15,1
22,24344422,24402442,1,37,2,16,16,72,15,1
15,26562152,26563156,1,37,2,16,16,72,15,1
9,90554151,90554219,1,37,2,16,16,72,15,1
12,70879659,90482843,1,37,2,16,16,72,15,1
18,36416527,36421342,1,37,2,16,16,72,15,1
5,114759078,150202205,1,37,2,16,16,72,15,1
15,20016328,21201536,1,37,2,16,16,53,15,1
8,8116606,8145931,1,37,2,16,16,53,15,1
8,7250380,7809906,1,37,2,16,16,53,15,1
15,22385001,22681250,1,37,2,16,16,53,15,1
16,32588901,32588909,1,37,2,16,16,53,15,1
0,99972773,99972935,1,37,2,16,16,53,15,1
14,19002124,19438611,1,37,2,16,16,53,15,1
8,24991104,27512786,1,37,2,16,16,53,0,1
16,70152322,70234536,1,37,2,16,16,53,15,1
6,114225811,118671617,1,37,2,16,16,53,15,1
5,15532,801571,1,37,2,16,16,53,15,1
8,27514768,39230659,1,37,2,16,16,53,15,1
0,2789848,12431576,1,37,2,16,16,53,15,1
13,38075965,38084757,1,37,2,16,16,53,15,1
7,54190932,54380373,1,37,2,16,16,53,15,1
11,3487665,3488541,1,37,2,16,16,53,15,1
11,48606318,55363340,1,37,2,26,26,50,15,1
15,24680392,24718173,1,37,2,26,26,50,15,1
3,162626572,163662346,1,37,2,26,26,50,15,1
16,75238103,75252306,1,37,2,26,26,50,15,1
5,46271930,46273502,1,37,2,26,26,47,15,1
2,180418211,180421869,1,37,2,26,26,47,15,1
6,63533748,63683604,1,37,2,26,26,47,15,1
10,24379007,51136387,1,37,2,26,26,47,15,1
5,169724324,173202507,1,37,2,16,16,127,15,1
2,98162189,106880095,1,37,2,16,16,94,14,1
16,78372440,78379675,1,37,2,16,16,94,14,1
1,121447136,149429206,1,37,2,16,16,94,14,1
10,74490023,135506704,1,37,2,16,16,94,14,1
1,112695965,112697390,1,37,2,16,16,94,14,1
19,43255217,43354452,1,37,2,16,16,94,15,1
9,140994213,141091394,1,37,2,16,16,94,14,1
5,173206371,180790320,1,37,2,16,16,94,14,1
14,22242430,22993720,1,37,2,16,16,94,14,1
15,76902179,82695702,1,37,2,16,16,94,14,1
1,13444502,13468022,1,37,2,26,26,18,24,1
3,236759,6646543,1,37,2,26,26,18,24,1
14,19731410,20423372,1,37,2,26,26,18,15,1
19,55378008,59097854,1,37,2,26,26,18,7,1
14,106567100,107285437,1,37,2,26,26,47,24,1
6,169639999,170190659,1,37,2,26,26,47,24,1
6,29850366,29901576,1,37,2,26,26,47,15,1
1,12927856,13431652,1,37,2,26,26,47,7,1
1,151373721,151386906,1,37,2,26,26,81,24,1
6,56212578,57868561,1,37,2,26,26,81,2,1
12,64150825,90483350,1,37,2,26,26,81,14,1
6,53931084,53931380,1,37,2,26,26,81,24,1
3,163670448,197896118,1,37,2,26,26,81,14,1
1,104163499,104260032,1,37,2,26,26,81,15,1
16,81485354,81514166,1,37,2,16,16,32,23,1
11,89727683,93699151,1,37,2,16,16,55,23,1
0,75117610,75137131,1,37,2,26,26,35,0,1
1,174796556,174801840,1,37,2,26,26,35,23,1
16,32655029,33241953,1,37,2,26,26,35,14,1
15,24716837,26560192,1,37,2,26,26,35,23,1
11,5809338,6107790,1,37,2,26,26,35,23,1
4,69489335,172369346,1,37,2,26,26,35,23,1
7,126045651,126046615,1,37,2,26,26,36,0,1
7,72021783,72032062,1,37,2,26,26,36,23,1
2,88024667,98118212,1,37,2,26,26,36,14,1
8,24991104,85257971,1,37,2,26,26,36,23,1
6,32456683,32508476,1,37,2,26,26,36,23,1
6,78969105,79035174,1,37,2,26,26,36,23,1
2,52758753,52781504,1,37,2,16,16,50,20,1
17,34836996,34837011,1,37,2,26,26,93,5,1
0,104580403,104587693,1,37,2,26,26,93,7,1
6,75534396,77439868,1,37,2,26,26,93,24,1
2,87996372,98118212,1,37,2,26,26,93,23,1
17,34543343,39421708,1,37,2,26,26,93,5,1
15,33098560,56787193,1,37,2,26,26,93,5,1
3,60345,6646543,1,37,2,26,26,89,5,1
6,381149,23060991,1,37,2,26,26,89,7,1
13,57763751,57789714,1,37,2,26,26,89,24,1
17,44394412,44394420,1,37,2,26,26,89,23,1
6,336218,344175,1,37,2,26,26,89,5,1
3,98944763,98949314,1,37,2,26,26,89,5,1
9,23380834,31021638,1,37,2,16,16,63,15,1
10,46485761,135506704,1,37,2,16,16,63,15,1
1,152761923,152768700,1,37,2,16,16,63,24,1
5,12857339,15758557,1,37,2,16,16,63,15,1
22,16281595,16425145,1,37,2,16,16,63,24,1
16,60777,62016,1,37,2,16,16,63,24,1
10,73263718,74478121,1,37,2,16,16,39,15,1
15,21275684,22383201,1,37,2,16,16,39,15,1
10,51449369,73253988,1,37,2,16,16,39,24,1
5,17625374,17642551,1,37,2,16,16,39,15,1
7,22435472,22436487,1,37,2,16,16,39,24,1
2,240561313,240564673,1,37,2,16,16,39,24,1
6,58140300,61931989,1,37,2,16,16,41,15,1
6,93488053,93488577,1,37,2,16,16,41,15,1
4,69375348,69485840,1,37,2,16,16,41,15,1
4,172989148,172989533,1,37,2,16,16,41,15,1
20,1572451,1593893,1,37,2,16,16,153,15,1
11,55453576,74359066,1,37,2,16,16,153,15,1
17,77246216,77246390,1,37,2,16,16,153,15,1
17,34439978,34629696,1,37,2,16,16,153,15,1
6,93577147,93578430,1,37,2,16,16,80,0,1
3,163658952,163662871,1,37,2,16,16,80,15,1
8,87245044,88251993,1,37,2,16,16,80,15,1
13,23638195,38071135,1,37,2,26,26,24,5,1
7,155066,158626,1,37,2,26,26,24,0,1
14,74425056,106460902,1,37,2,26,26,24,0,1
4,32405314,34779054,1,37,2,26,26,24,5,1
6,7916207,7917086,1,37,2,26,26,24,0,1
2,208355178,208359476,1,37,2,26,26,24,0,1
1,12910597,12927107,1,37,2,26,26,583,23,1
1,61735,2273446,1,37,2,26,26,583,24,1
1,152555706,152586238,1,37,2,26,26,583,24,1
7,142485985,143896252,1,37,2,26,26,583,24,1
14,41633385,41657349,1,37,2,26,26,583,24,1
2,34685280,34727867,1,37,2,26,26,583,24,1
13,25972480,25972496,1,37,2,26,26,583,23,1
6,257353,294837,1,37,2,26,26,583,24,1
1,189648483,189648527,1,37,2,26,26,583,24,1
18,9350744,26193536,1,37,2,26,26,583,24,1
8,12443055,18265154,1,37,2,26,26,583,24,1
11,42820603,48598422,1,37,2,26,26,583,24,1
20,61305,1572412,1,37,2,26,26,105,23,1
0,104587822,115914697,1,37,2,26,26,105,24,1
7,143226899,143547084,1,37,2,26,26,105,24,1
8,7977969,8146011,1,37,2,26,26,105,24,1
11,24444249,24455176,1,37,2,26,26,105,24,1
12,31406907,38014018,1,37,2,26,26,105,24,1
10,6411215,6411481,1,37,2,26,26,105,23,1
2,52787949,86936838,1,37,2,26,26,105,24,1
8,85257989,85268666,1,37,2,26,26,105,24,1
5,150223387,169705161,1,37,2,26,26,105,24,1
7,109437092,109453910,1,37,2,26,26,105,24,1
1,55093291,55094389,1,37,2,26,26,105,24,1
12,56481075,58468644,1,37,2,26,26,61,15,1
18,11543,8610640,1,37,2,26,26,61,14,1
5,15532,801571,1,37,2,26,26,72,15,1
16,32040814,32588619,1,37,2,26,26,72,14,1
1,174801872,248709670,1,37,2,16,16,19,15,1
3,6651128,6653244,1,37,2,16,16,19,15,1
19,90910,5506659,1,37,2,16,16,19,15,1
6,66394090,66403852,1,37,2,16,16,19,24,1
8,12473543,24974476,1,37,2,16,16,19,15,1
6,23067645,24946671,1,37,2,16,16,126,15,1
11,55374032,55453009,1,37,2,16,16,126,15,1
9,40911224,44172678,1,37,2,16,16,126,15,1
11,89611344,89636197,1,37,2,16,16,126,24,1
2,106887255,126442223,1,37,2,16,16,126,15,1
22,24321137,24396814,1,37,2,16,16,63,23,1
16,81516415,90287535,1,37,2,16,16,63,23,1
18,40056569,40057767,1,37,2,16,16,42,23,1
15,82895028,83169549,1,37,2,16,16,42,23,1
22,40797672,49268700,1,37,2,16,16,45,23,1
12,875354,9630556,1,37,2,16,16,45,23,1
14,106103033,106199376,1,37,2,16,16,45,23,1
1,16154201,17012456,1,37,2,16,16,17,23,1
5,15760323,17608256,1,37,2,16,16,17,23,1
9,44866028,45119767,1,37,2,16,16,17,23,1
6,74603555,75533512,1,37,2,26,26,25,5,1
8,85270682,87222592,1,37,2,26,26,25,5,1
0,86656667,86657496,1,37,2,26,26,25,14,1
9,46587,14563604,1,37,2,26,26,25,24,1
9,14564090,14564101,1,37,2,26,26,25,23,1
2,12784,52754881,1,37,2,26,26,25,5,1
10,5672792,5712366,1,37,2,26,26,25,5,1
15,27571731,27571843,1,37,2,26,26,25,5,1
8,115631294,115641569,1,37,2,26,26,25,5,1
19,55297883,55373818,1,37,2,26,26,25,23,1
7,38400957,52716126,1,37,2,26,26,25,5,1
9,46434237,90522594,1,37,2,26,26,25,5,1
6,93578446,103734825,1,37,2,26,26,25,5,1
12,45904438,45909537,1,37,2,26,26,25,5,1
5,12815780,12838533,1,37,2,26,26,25,14,1
12,90493613,133778189,1,37,2,26,26,25,24,1
6,46924467,53931084,1,37,2,26,26,25,23,1
22,16052528,20204791,1,37,2,26,26,25,5,1
2,12784,1786522,1,37,2,26,26,25,5,1
14,29056910,29063832,1,37,2,26,26,25,5,1
6,26752572,27656076,1,37,2,26,26,25,5,1
6,46919106,46920990,1,37,2,26,26,25,23,1
0,12434769,54003025,1,37,2,26,26,25,5,1
3,132280930,162512739,1,37,2,26,26,25,5,1
14,42855466,42855717,1,37,2,16,16,106,5,1
9,44243434,44424451,1,37,2,16,16,106,7,1
8,12162739,12240162,1,37,2,16,16,106,5,1
11,6122503,8957970,1,37,2,16,16,106,0,1
11,21848752,24444249,1,37,2,16,16,106,0,1
10,72759,17779314,1,37,2,16,16,106,5,1
9,46587,6695986,1,37,2,16,16,106,0,1
1,144865627,152555527,1,37,2,16,16,106,0,1
17,43656380,43659426,1,37,2,16,16,106,0,1
14,106821736,106959642,1,37,2,16,16,106,0,1
8,112294279,112295245,1,37,2,16,16,106,14,1
7,126260750,126262856,1,37,2,16,16,106,5,1
3,162513149,162625995,1,37,2,16,16,77,23,1
7,20103456,21554327,1,37,2,16,16,14,23,1
0,129552909,152823330,1,37,2,26,26,135,15,1
1,104163499,104260032,1,37,2,26,26,135,7,1
7,64595698,126044974,1,37,2,26,26,135,15,1
19,36847637,42689009,1,37,2,26,26,135,15,1
2,86971745,87337969,1,37,2,26,26,135,7,1
14,22237816,22238121,1,37,2,26,26,135,15,1
6,53935415,56123969,1,37,2,26,26,135,7,1
13,56062163,56194178,1,37,2,26,26,135,7,1
7,126262995,142474939,1,37,2,26,26,135,15,1
4,12281,10209869,1,37,2,26,26,135,15,1
22,22473918,22474613,1,37,2,26,26,135,15,1
11,24455176,42807044,1,37,2,26,26,135,15,1
5,852566,6488037,1,37,2,26,26,135,15,1
3,67905132,70078584,1,37,2,26,26,135,15,1
2,240561313,240564673,1,37,2,26,26,135,15,1
14,106482128,106535295,1,37,2,26,26,135,7,1
14,74001123,74020979,1,37,2,26,26,135,15,1
1,61735,12892508,1,37,2,26,26,135,15,1
8,11949551,12034997,1,37,2,26,26,135,15,1
22,34174947,34174973,1,37,2,26,26,135,15,1
8,112294646,112295245,1,37,2,26,26,135,15,1
9,23363115,23373484,1,37,2,26,26,135,15,1
1,76054763,76054854,1,37,2,26,26,135,15,1
13,104565165,105343317,1,37,2,26,26,135,15,1
17,39526725,43648504,1,37,2,26,26,135,15,1
5,6488211,11161625,1,37,2,26,26,135,7,1
6,32688615,32690830,1,37,2,26,26,135,15,1
8,7989963,8002408,1,37,2,26,26,135,15,1
1,152975258,153004652,1,37,2,26,26,135,15,1
17,67892018,81049726,1,37,2,26,26,135,15,1
17,2978187,16653252,1,37,2,26,26,135,24,1
1,76059509,101551513,1,37,2,26,26,135,15,1
7,52781488,54190423,1,37,2,26,26,135,15,1
19,55283843,55360538,1,37,2,16,16,56,15,1
3,75572549,75586805,1,37,2,16,16,40,15,1
17,18355392,18474646,1,37,2,26,26,153,5,1
11,42813151,42816486,1,37,2,26,26,153,5,1
15,24241342,24284965,1,37,2,26,26,153,23,1
16,55822444,78371608,1,37,2,26,26,97,5,1
3,9362940,9363272,1,37,2,26,26,97,5,1
6,63111798,63400553,1,37,2,26,26,97,23,1
6,31286276,31309924,1,37,2,26,26,64,23,1
1,35102654,35104491,1,37,2,26,26,60,14,1
1,149692388,151373493,1,37,2,26,26,60,7,1
17,44523711,44523726,1,37,2,26,26,60,15,1
5,17625374,17642285,1,37,2,26,26,60,15,1
22,49273291,51234455,1,37,2,26,26,148,14,1
11,8958013,8964938,1,37,2,26,26,148,7,1
3,60345,221434,1,37,2,26,26,148,15,1
6,149661,253861,1,37,2,26,26,148,15,1
6,77440048,77467931,1,37,2,41,41,47,14,1
6,170357142,170679385,1,37,2,41,41,47,14,1
1,55096450,72750353,1,37,2,41,41,47,14,1
14,19792968,20422583,1,37,2,41,41,47,14,1
2,35967385,35987916,1,37,2,41,41,47,14,1
19,5510239,5510653,1,37,2,41,41,47,14,1
17,39423014,39430531,1,37,2,41,41,47,14,1
8,115634707,115641731,1,37,2,41,41,47,5,1
17,18469197,34447127,1,37,2,41,41,47,5,1
6,167609283,171051005,1,37,2,41,41,47,14,1
3,117178616,117178744,1,37,2,41,41,47,14,1
7,54393488,64568852,1,37,2,41,41,47,14,1
13,56062163,56194178,1,37,2,41,41,47,14,1
19,54730251,54741319,1,37,2,41,41,47,5,1
1,112697241,144545755,1,37,2,41,41,47,23,1
1,13471704,16149343,1,37,2,41,41,47,5,1
15,26563588,76895079,1,37,2,41,41,47,24,1
12,132097916,132101077,1,37,2,26,26,107,23,1
11,93701588,134944770,1,37,2,26,26,107,23,1
8,79834698,79846119,1,37,2,26,26,37,23,1
6,24951199,26737438,1,37,2,26,26,37,23,1
16,21389970,21588788,1,37,2,16,16,34,20,1
9,16333416,16750563,1,37,2,16,16,34,20,0
1,17012741,17114712,1,37,2,16,16,34,20,0
12,38081281,38081283,1,37,2,16,16,34,20,0
14,106567100,106783044,1,37,2,16,16,34,20,0
1,152586278,152761923,1,37,2,16,16,34,0,0
15,24241342,24284965,1,37,2,16,16,34,7,0
6,78021262,78024285,1,37,2,16,16,34,5,0
0,75117610,75129982,1,37,2,16,16,34,20,0
15,21201533,22287270,1,37,2,16,16,61,15,1
21,44970873,44972812,1,37,2,16,16,61,15,1
6,32690797,32690830,1,37,2,16,16,61,15,1
6,32431552,32602269,1,37,2,16,16,8,15,1
6,31286276,31296451,1,37,2,16,16,8,15,1
1,196798823,196815791,1,37,2,16,16,8,15,0
9,90557957,141091394,1,37,2,16,16,40,5,1
22,34181422,40793260,1,37,2,16,16,40,7,1
11,74364730,134944770,1,37,2,16,16,40,5,1
4,10210194,10234266,1,37,2,16,16,40,5,1
15,24288092,24675133,1,37,2,16,16,40,5,0
5,12815780,12857133,1,37,2,16,16,40,5,0
1,110239522,112690326,1,37,2,16,16,40,15,0
1,153006580,153507760,1,37,2,16,16,40,5,0
5,11167277,12800889,1,37,2,16,16,40,7,0
1,152586278,152759678,1,37,2,16,16,40,15,1
1,76054763,76054854,1,37,2,16,16,35,5,1
0,86658693,99970666,1,37,2,16,16,35,7,1
8,12240182,12443055,1,37,2,16,16,35,5,1
2,130793883,130826342,1,37,2,16,16,35,5,1
2,180421888,208354955,1,37,2,16,16,35,5,1
11,42816486,42818039,1,37,2,16,16,35,5,1
3,162626572,163658945,1,37,2,16,16,35,15,1
12,90491669,90493557,1,37,2,16,16,35,5,1
3,6651128,6653332,1,37,2,16,16,35,7,1
3,75595181,117177909,1,37,2,16,16,35,15,1
6,23064254,29850274,1,37,2,1,1,56,14,1
11,5788080,5809139,1,37,2,1,1,56,15,1
11,74364561,74364566,1,37,2,16,16,47,0,1
4,10234608,14001521,1,37,2,16,16,47,24,1
6,78024630,103734825,1,37,2,16,16,47,0,1
16,78384765,90287535,1,37,2,16,16,47,0,1
19,5510700,36827683,1,37,2,16,16,47,15,1
0,75137264,86649982,1,37,2,16,16,76,0,1
6,63687450,63701066,1,37,2,16,16,76,24,1
13,23629210,23633515,1,37,2,16,16,76,0,1
17,39515557,39526560,1,37,2,16,16,76,0,1
9,23378488,40811997,1,37,2,16,16,76,15,1
16,60777,22588050,1,37,2,26,26,31,15,1
8,85257989,85268666,1,37,2,26,26,31,15,1
7,38303434,38398047,1,37,2,26,26,31,24,1
14,19002124,19790355,1,37,2,26,26,31,7,1
3,70079145,75568549,1,37,2,26,26,31,24,1
20,61305,62956153,1,37,2,26,26,31,7,1
16,70245925,70855202,1,37,2,26,26,31,15,1
3,163662371,163662917,1,37,2,26,26,31,24,1
13,56197842,104559223,1,37,2,26,26,31,15,1
1,189652047,196798719,1,37,2,26,26,31,15,1
7,21557854,22434780,1,37,2,26,26,31,24,1
12,869316,874029,1,37,2,26,26,31,7,1
11,48601434,48602676,1,37,2,26,26,31,24,1
22,49269923,49270542,1,37,2,26,26,31,7,1
8,112295260,115627585,1,37,2,26,26,31,14,1
7,142476719,142486560,1,37,2,26,26,31,7,1
16,21591340,32040483,1,37,2,26,26,31,24,1
8,115650697,146298155,1,37,2,26,26,31,24,1
12,38104406,45899825,1,37,2,26,26,31,15,1
11,93699282,93701105,1,37,2,26,26,19,15,1
4,10234214,69375160,1,37,2,26,26,19,14,1
1,12909977,12927107,1,37,2,26,26,19,15,1
5,12849201,17608256,1,37,2,26,26,19,15,1
11,55453576,89602573,1,37,2,26,26,19,15,1
6,32509283,32686196,1,37,2,26,26,19,15,1
6,29908469,31280823,1,37,2,26,26,42,15,1
22,40794590,40794820,1,37,2,26,26,42,14,1
8,8147999,12247486,1,37,2,26,26,42,15,1
6,118671686,118673544,1,37,2,26,26,42,15,1
16,85827,21379451,1,37,2,26,26,42,15,1
6,27656278,29850274,1,37,2,26,26,42,15,1
19,36847637,43247525,1,37,2,16,16,57,15,1
13,38072036,38084732,1,37,2,16,16,57,15,1
18,11543,78015057,1,37,2,16,16,57,15,1
7,143547272,143896252,1,37,2,16,16,57,15,1
15,24718596,26560192,1,37,2,16,16,60,15,1
1,16165661,35091674,1,37,2,16,16,60,15,1
8,24974522,24984333,1,37,2,16,16,60,15,1
22,34174985,49268700,1,37,2,16,16,60,15,1
17,43648540,43655090,1,37,2,16,16,72,15,1
22,24402461,34173406,1,37,2,16,16,193,15,1
22,25087674,34173406,1,37,2,16,16,59,16,1
7,144003746,159127004,1,37,2,16,16,59,16,1
1,101648328,101655292,1,37,2,16,16,59,16,1
12,45905840,45909537,1,37,2,16,16,59,16,1
15,24647143,24714858,1,37,2,16,16,59,16,1
2,34736513,35967123,1,37,2,16,16,59,16,1
7,43355,148300,1,37,2,16,16,59,16,1
10,17795677,17949857,1,37,2,16,16,59,16,1
4,172995979,173422522,1,37,2,16,16,59,16,1
6,170193218,170356783,1,37,2,16,16,59,16,1
22,16425217,24337949,1,37,2,26,26,74,23,1
11,3506526,5787405,1,37,2,26,26,63,23,1
15,27572192,32857412,1,37,2,26,26,63,23,1
8,595892,595908,1,37,2,26,26,63,23,1
5,169708691,169723779,1,37,2,16,16,70,15,1
15,56787676,56791719,1,37,2,16,16,70,14,1
15,33064297,33098056,1,37,2,16,16,70,14,1
1,35114268,72750353,1,37,2,16,16,70,14,1
15,24288092,24641662,1,37,2,16,16,70,14,1
6,24947772,24947805,1,37,2,16,16,90,15,1
15,32944870,33058304,1,37,2,16,16,90,14,1
6,26737457,26752497,1,37,2,16,16,90,14,1
15,20016328,21200700,1,37,2,16,16,90,14,1
14,20424926,22236771,1,37,2,16,16,90,14,1
4,34786500,34815559,1,37,2,26,26,68,15,1
3,132273675,132278645,1,37,2,26,26,68,24,1
17,34816256,34836212,1,37,2,26,26,68,5,1
2,52758753,52781542,1,37,2,26,26,68,15,1
6,79035185,93487961,1,37,2,26,26,68,15,1
2,106880713,106885357,1,37,2,26,26,22,15,1
17,44401067,44505241,1,37,2,26,26,22,24,1
7,142476719,142485853,1,37,2,26,26,22,5,1
2,180418211,180421906,1,37,2,26,26,22,15,1
12,31406809,31406872,1,37,2,26,26,22,15,1
0,129551971,129552004,1,37,2,16,16,92,23,1
9,45128794,46400683,1,37,2,16,16,101,23,1
17,39430173,39430186,1,37,2,16,16,52,23,1
17,526,18319862,1,37,2,16,16,52,23,1
6,74592225,74601410,1,37,2,16,16,52,23,1
9,6701145,6708357,1,37,2,16,16,31,23,1
6,103734829,103762061,1,37,2,16,16,31,23,1
19,53547361,54730233,1,37,2,16,16,31,23,1
6,75534180,75534181,1,37,2,16,16,57,15,1
9,44176342,44241817,1,37,2,16,16,61,15,1
21,10865941,44968053,1,37,2,16,16,51,14,1
3,119355411,132271633,1,37,2,16,16,51,14,1
6,23060995,23060999,1,37,2,16,16,51,15,1
19,55363524,59097854,1,37,2,16,16,51,14,1
6,62582852,63111149,1,37,2,16,16,51,15,1
1,248818483,249224388,1,37,2,16,16,51,15,1
7,126045482,126046876,1,37,2,16,16,51,15,1
14,106796025,106820744,1,37,2,16,16,51,14,1
12,58468646,58468764,1,37,2,16,16,51,14,1
9,44840918,90522594,1,37,2,16,16,51,14,1
1,152555706,152586238,1,37,2,16,16,51,15,1
2,106887255,180413371,1,37,2,16,16,36,14,1
1,16149915,16153925,1,37,2,16,16,36,14,1
19,43362652,53518514,1,37,2,16,16,36,15,1
14,106547507,106561441,1,37,2,16,16,36,14,1
9,90557957,140993462,1,37,2,16,16,36,15,1
1,152761939,152778558,1,37,2,16,16,36,15,1
11,55374032,55453009,1,37,2,16,16,36,15,1
17,34837642,39421708,1,37,2,16,16,36,14,1
9,90554151,90554219,1,37,2,16,16,36,14,1
6,32692227,46918987,1,37,2,16,16,36,14,1
12,9633870,9734970,1,37,2,16,16,36,15,1
0,152868836,155182354,1,37,2,26,26,18,15,1
4,10209946,10231498,1,37,2,26,26,18,15,1
3,117182204,119350345,1,37,2,26,26,18,15,1
6,254267,334825,1,37,2,26,26,49,15,1
1,144546946,144849552,1,37,2,26,26,49,15,1
8,8054344,8113570,1,37,2,26,26,49,15,1
11,21847506,21848680,1,37,2,1,1,134,2,1
22,20204924,20205333,1,37,2,1,1,134,24,1
8,8003045,8017932,1,37,2,1,1,134,15,1
12,150442,869278,1,37,2,1,1,134,7,1
8,8146011,11934660,1,37,2,1,1,93,2,1
14,106960231,107285437,1,37,2,1,1,93,24,1
1,13471704,16149915,1,37,2,1,1,93,15,1
5,57326027,57333533,1,37,2,1,1,93,7,1
14,41657349,74006707,1,37,2,16,16,94,7,1
7,72035756,97395471,1,37,2,16,16,94,23,1
11,198510,8957970,1,37,2,26,26,61,23,1
13,111724545,115108397,1,37,2,26,26,61,23,1
16,32609274,32654970,1,37,2,16,16,38,24,1
6,63410557,63531865,1,37,2,16,16,38,15,1
5,98839874,98840626,1,37,2,16,16,38,24,1
5,173205058,173206216,1,37,2,16,16,38,5,1
6,302306,4306196,1,37,2,16,16,38,5,1
3,162513092,162625995,1,37,2,16,16,38,24,1
1,152773905,152974981,1,37,2,16,16,38,5,1
8,51032024,51033423,1,37,2,16,16,38,15,1
12,70871858,70879433,1,37,2,16,16,38,5,1
2,180422121,208354955,1,37,2,16,16,38,24,1
2,98140747,98162189,1,37,2,16,16,38,5,1
9,14565982,16328688,1,37,2,16,16,38,15,1
17,18496306,34437128,1,37,2,16,16,126,23,1
10,74479047,74482205,1,37,2,16,16,126,23,1
1,101553467,101644210,1,37,2,16,16,126,23,1
1,15594523,59018259,1,37,2,16,16,126,5,1
6,103768778,169639901,1,37,2,16,16,126,14,1
7,22438754,34824382,1,37,2,16,16,126,23,1
17,77247044,81049726,1,37,2,16,16,126,5,1
6,19042181,19044763,1,37,2,16,16,126,5,1
11,6108269,6122094,1,37,2,16,16,126,7,1
15,83169571,102469040,1,37,2,16,16,180,23,1
14,74029900,74420476,1,37,2,16,16,180,23,1
7,54386505,54386517,1,37,2,16,16,180,23,1
9,23363115,23373484,1,37,2,16,16,180,5,1
8,18266157,18271185,1,37,2,16,16,180,14,1
12,90483347,90493613,1,37,2,16,16,180,23,1
7,64637128,72021471,1,37,2,16,16,180,5,1
0,103551088,104579821,1,37,2,16,16,180,5,1
0,152823728,152837731,1,37,2,16,16,180,7,1
15,26562152,26563156,1,37,2,16,16,132,23,1
2,1788006,1788623,1,37,2,16,16,132,23,1
19,53554240,55283928,1,37,2,16,16,132,23,1
6,77468466,78020836,1,37,2,16,16,132,14,1
1,104260239,112690326,1,37,2,16,16,132,23,1
7,43355,130375,1,37,2,16,16,132,0,1
16,78372440,78384738,1,37,2,16,16,132,23,1
18,36421910,40051678,1,37,2,16,16,132,23,1
14,41670102,42855165,1,37,2,16,16,64,23,1
7,52716347,52781486,1,37,2,16,16,64,23,1
22,20959691,21816560,1,37,2,16,16,64,23,1
8,595443,595875,1,37,2,16,16,64,14,1
14,106218585,106460902,1,37,2,16,16,64,23,1
12,9633870,9734970,1,37,2,16,16,64,0,1
14,29063877,41607529,1,37,2,16,16,64,23,1
5,801765,833628,1,37,2,16,16,64,23,1
2,240571827,243089456,1,37,2,26,26,31,5,1
5,6488117,6488132,1,37,2,26,26,31,7,1
7,144074929,159127004,1,37,2,26,26,31,0,1
14,106479675,106479941,1,37,2,26,26,31,5,1
19,42696015,42696698,1,37,2,26,26,31,7,1
3,9363980,67896101,1,37,2,26,26,31,24,1
8,7838573,7973623,1,37,2,26,26,31,0,1
13,56197842,57763533,1,37,2,26,26,68,15,1
8,115641585,146298155,1,37,2,26,26,68,7,1
22,49269923,49270542,1,37,2,26,26,68,23,1
17,67885483,67891926,1,37,2,26,26,68,23,1
6,23060991,23064254,1,37,2,26,26,68,7,1
9,16750627,23361805,1,37,2,26,26,68,23,1
4,69485979,191027923,1,37,2,26,26,68,7,1
15,26563588,27570211,1,37,2,26,26,17,15,1
10,5714557,6411071,1,37,2,26,26,17,7,1
19,42700528,43247525,1,37,2,26,26,17,23,1
1,35114268,55090200,1,37,2,26,26,17,23,1
7,54190619,54190812,1,37,2,26,26,17,7,1
6,62252108,62581757,1,37,2,26,26,17,23,1
13,105345251,115108397,1,37,2,26,26,17,7,1
7,143216729,143223918,1,37,2,26,26,63,15,1
22,16052528,16281201,1,37,2,26,26,63,14,1
14,42856976,73995774,1,37,2,26,26,63,15,1
6,32604372,32690027,1,37,2,26,26,63,15,1
17,2974545,2975248,1,37,2,26,26,63,14,1
6,167607596,167608015,1,37,2,26,26,37,15,1
10,46256781,46312487,1,37,2,26,26,37,15,1
6,53931151,53935348,1,37,2,26,26,41,15,1
6,27656090,27656175,1,37,2,26,26,41,15,1
16,55796389,55822397,1,37,2,26,26,10,7,1
1,72811904,76050844,1,37,2,26,26,10,15,1
8,12260927,12438891,1,37,2,26,26,10,5,1
5,15759024,15759699,1,37,2,26,26,10,14,1
8,27513271,27513396,1,37,2,26,26,10,7,1
5,46278212,57321646,1,37,2,26,26,10,5,1
10,73256980,73257255,1,37,2,26,26,10,5,1
12,150442,865970,1,37,2,26,26,10,5,1
18,26195767,26196130,1,37,2,26,26,10,24,1
3,224602,235748,1,37,2,26,26,10,7,1
22,21840674,22468619,1,37,2,26,26,10,7,1
2,208359476,240559945,1,37,2,26,26,10,15,1
18,40058395,78015057,1,37,2,26,26,10,7,1
6,74597341,78969065,1,37,2,26,26,68,7,1
2,208359519,240559945,1,37,2,26,26,68,15,1
7,64594065,64595118,1,37,2,26,26,68,5,1
17,39430450,39430531,1,37,2,26,26,68,14,1
2,126451651,126451913,1,37,2,26,26,68,7,1
6,149661,254283,1,37,2,26,26,68,5,1
4,12281,10210142,1,37,2,26,26,68,5,1
21,44973667,48096957,1,37,2,26,26,68,5,1
1,12927856,13431652,1,37,2,26,26,68,24,1
10,6418754,24375263,1,37,2,26,26,68,7,1
1,104260239,110227317,1,37,2,26,26,68,7,1
2,35987947,52754881,1,37,2,26,26,68,15,1
8,79846184,85257971,1,37,2,26,26,68,7,1
1,2283117,12909977,1,37,2,26,26,46,15,1
8,24974476,24984333,1,37,2,26,26,46,7,1
20,1597946,62956153,1,37,2,26,26,46,15,1
15,76895198,76902179,1,37,2,26,26,24,15,1
4,172377458,172987928,1,37,2,26,26,24,7,1
4,173441132,191027923,1,37,2,26,26,24,15,1
6,61949118,62070994,1,37,2,16,16,92,20,1
1,186458264,189648157,1,37,2,16,16,92,24,1
17,43664693,44214166,1,37,2,16,16,92,24,1
7,97404240,109433798,1,37,2,16,16,92,24,1
6,31309924,32454523,1,37,2,16,16,71,20,1
4,172374884,172377444,1,37,2,16,16,71,24,1
0,99973710,103546627,1,37,2,16,16,71,24,1
17,44784678,77245660,1,37,2,16,16,71,24,1
7,64594065,64595698,1,37,2,16,16,61,7,1
3,163662917,197896118,1,37,2,16,16,61,15,1
6,93488613,93577053,1,37,2,16,16,61,5,1
19,90910,5506659,1,37,2,16,16,61,15,1
11,89656239,89699504,1,37,2,16,16,60,7,1
1,153531204,174796405,1,37,2,16,16,60,15,1
16,32180786,32588622,1,37,2,16,16,60,5,1
16,33300894,33643399,1,37,2,16,16,60,15,1
12,132102718,133778189,1,37,2,26,26,34,15,1
7,3398760,20102221,1,37,2,26,26,34,15,1
8,39235603,39385194,1,37,2,26,26,34,15,1
8,112295260,115634667,1,37,2,26,26,34,15,1
17,44523711,44523726,1,37,2,26,26,34,24,1
7,132481,158626,1,37,2,26,26,34,15,1
2,86937687,86970406,1,37,2,26,26,34,15,1
16,33828725,46497362,1,37,2,26,26,34,15,1
17,16654301,16740270,1,37,2,26,26,34,15,1
22,22481498,24315049,1,37,2,26,26,34,14,1
1,2280423,2282354,1,37,2,16,16,97,7,1
11,42818039,55363340,1,37,2,16,16,97,24,1
11,24458306,42813151,1,37,2,16,16,97,7,1
1,13444502,13468022,1,37,2,16,16,97,23,1
1,72756113,72763370,1,37,2,16,16,97,14,1
11,8965350,24442174,1,37,2,16,16,97,24,0
9,44424451,44837527,1,37,2,16,16,79,7,1
16,71205194,75237413,1,37,2,16,16,79,24,0
12,63939724,64145305,1,37,2,16,16,79,7,1
5,150205500,150218604,1,37,2,16,16,79,23,0
5,801765,833628,1,37,2,16,16,79,14,1
6,57876008,58082951,1,37,2,16,16,79,24,0
1,103064353,104159384,1,37,2,16,16,36,0,1
16,75254493,78371608,1,37,2,16,16,36,5,0
16,22718386,28747534,1,37,2,16,16,36,0,1
14,106479675,106479941,1,37,2,16,16,36,0,0
9,44446136,44855737,1,37,2,16,16,36,0,1
12,63932963,64136654,1,37,2,16,16,36,0,0
5,46251306,46271108,1,37,2,16,16,36,0,1
1,72768418,72811148,1,37,2,16,16,36,5,0
12,99795293,99796326,1,37,2,16,16,38,20,1
15,22291024,24240924,1,37,2,16,16,38,20,0
4,32394074,32401513,1,37,2,16,16,38,20,1
17,18358949,18465221,1,37,2,16,16,76,20,0
1,112695965,112697213,1,37,2,16,16,76,20,1
2,87344738,87994641,1,37,2,16,16,76,20,0
16,46503206,70151560,1,37,2,16,16,90,15,1
